otu,Bifiform_k2report,Lenta_k2report,LinexF_k2report,Piskarevsky_k2report,Praskovia_k2report,Prostokvashino_k2report,Sarafanovo_k2report,Vkusvill_k2report
2845181,0,0,0,107,0,8904,0,6442
49118,0,1,0,0,0,0,0,0
573,2,3,0,1,1,0,0,1
1723645,0,0,0,1,0,0,0,0
979982,0,0,0,5,0,94,48,0
69966,0,82,0,23,129,7,2,56
3366579,0,20,0,0,0,0,1,0
114416,0,0,0,21,416,136,0,183
80865,0,0,0,0,0,10,0,0
3411354,0,4,0,3,0,0,0,0
72000,0,3,0,3,9,1,0,0
2845435,0,0,0,6,0,67,3,317
33936,0,1,0,0,0,0,0,0
665886,0,0,0,5,0,0,69,6678
1111069,0,0,0,1,0,0,0,0
93681,0,0,0,1,0,0,0,0
442,0,0,0,0,2,1,0,0
391290,0,4,0,0,0,0,0,0
837,0,2,0,0,1,0,0,0
182773,0,2,0,3,1,0,0,0
2845453,0,0,0,2,0,0,0,4204
2845444,0,0,0,0,0,0,0,1680
2845422,0,679,0,0,0,0,0,0
2845388,0,23575,0,0,0,0,0,0
2954544,0,0,0,0,0,1,0,0
2980099,0,0,0,0,3,0,0,0
246,0,18,0,5,14,2,0,0
28131,0,0,0,0,0,0,0,1
319970,0,0,0,2,2,0,0,0
797277,0,0,0,0,0,0,1,0
2564099,0,2,0,0,0,0,0,1
2993456,0,1,0,0,0,0,0,0
164393,0,1,0,0,0,0,0,0
57665,0,0,0,0,1,0,0,0
1842539,1,0,0,0,0,0,0,0
2929509,0,8,0,0,6,0,0,0
160453,0,2,0,14,5,70,1,0
1852374,0,1,0,0,0,0,0,0
2113,0,0,0,0,0,0,15,0
2954608,0,0,0,0,0,0,0,1
52692,0,0,0,1,0,0,0,0
2026,0,1,0,0,0,0,0,0
52133,0,3,0,0,0,0,0,0
115551,0,0,0,0,0,0,0,1
3027470,0,5,0,0,10,0,0,0
2742,0,0,0,0,1,0,0,0
2169976,0,0,0,37,0,81,3,0
651,0,141,0,3,6,0,13,0
270,0,0,2,0,0,2,0,0
675,0,0,0,0,0,1,0,0
3408576,1,3,0,0,1,0,0,0
39948,0,0,0,0,1,0,0,0
399726,0,1,0,0,1,0,0,0
3122075,0,1,0,1,0,1,1,2
1316411,0,7,0,0,0,0,0,0
2845471,0,1344,0,0,0,0,0,0
357276,0,0,0,0,0,0,0,2
1563479,0,2,0,0,0,0,0,0
1718,0,5,0,6,1,4,0,1
253,0,10,0,6,8,0,0,0
55211,0,1,0,0,0,2,0,0
290425,0,0,0,0,0,1,0,0
2057741,1,2,1,1,1,0,0,0
472,0,32,0,6,19,0,0,1
1615674,0,7,0,0,0,1,0,0
2983215,0,0,0,0,1,0,0,0
3123039,0,1,0,0,0,0,0,0
131111,0,0,1,0,0,0,0,0
54291,0,7,0,0,4,0,0,0
2953738,0,1,0,0,0,0,0,0
2845394,0,0,0,14,190,1,0,2755
1758189,0,1,0,0,1,0,0,0
1165160,0,0,0,0,0,200,0,123
470,0,36,0,2,23,4,0,6
2995174,0,1,0,0,0,0,0,0
2487064,0,0,0,0,2,0,0,0
1165151,0,0,0,0,0,0,0,3
122355,0,3,0,0,5,0,0,0
2487072,0,55,1,2,45,0,6,2
2714926,0,0,0,1,0,0,0,0
2845153,0,0,0,13,169,301,0,11200
502,0,1,0,0,0,0,0,0
172045,0,2,0,0,1,0,0,0
2004646,0,11,0,0,4,0,0,0
2845413,0,0,0,6,243,0,10,11610
2845393,0,11434,0,0,0,0,0,0
2496847,0,0,0,0,2,0,0,0
2845184,0,1,0,44750,18,0,4,2
1685010,0,1,0,0,0,0,0,0
2845419,0,0,0,1,0,0,0,0
2845395,0,0,0,311,0,109,17,11091
1742989,0,0,0,1,0,0,0,0
1640,0,0,0,0,0,0,1,0
71452,0,0,0,0,0,0,0,1
28119,0,1,0,0,0,0,0,1
2686210,0,25,0,0,11,0,0,0
2798861,0,2,0,0,0,0,0,0
2845434,0,0,0,11,0,0,3,42253
2571156,0,0,0,0,0,1,0,0
87883,0,1,0,0,1,0,0,0
2845456,0,0,0,0,0,0,1,275
2845411,0,0,0,0,0,0,0,84
2054914,0,0,0,1,1,0,0,0
2929514,0,0,0,0,1,0,0,0
28151,0,1,0,0,0,0,0,0
1911586,0,0,0,0,0,0,0,1
1517,0,1,0,0,0,0,0,0
263819,0,0,0,0,0,1,0,0
2529381,0,1,0,0,0,0,0,0
1424294,0,2,0,0,0,0,0,0
1681,0,0,0,0,4,0,0,0
2845172,0,48102,0,0,0,0,0,0
86185,1,240,0,59,431,2,0,25
418240,0,0,0,5,0,0,0,0
2774749,0,0,0,0,0,0,0,1
3156489,0,1,0,0,0,0,0,0
1737425,0,2,0,0,13,0,0,0
1827285,0,16,0,0,5,0,0,0
1783360,0,3,0,0,0,0,0,0
2565782,0,0,0,0,0,0,1,0
2704140,0,6,0,0,1,0,0,0
1334,0,139,0,101,51,9,12,33
28037,1,3,0,9,1,10,23,9
334543,0,0,0,1,0,0,0,0
1493872,0,5,0,0,0,0,0,0
2845177,0,14003,0,0,0,0,0,0
2845457,0,0,0,0,192,0,0,0
2056231,0,0,0,0,1,0,0,0
3231487,0,0,0,1,0,0,0,0
65958,0,0,0,0,0,1,0,0
2605424,0,11,0,1,3,0,0,0
588932,0,0,0,1,0,0,0,0
1833,0,1,0,0,1,2,0,0
487316,0,1,0,0,0,1,0,0
1862962,0,15,0,0,0,0,0,0
414,0,2,0,1,1,0,0,0
1879049,0,7,0,0,4,1,0,0
168934,0,0,0,0,1,0,0,0
2968490,0,0,0,0,1,0,0,0
169177,0,2,0,0,0,0,0,1
246432,0,0,0,0,1,0,0,0
73029,0,0,1,0,0,0,0,0
558537,4,7,1,3,1,0,0,0
3036945,0,1,0,0,0,0,0,0
3350165,0,1,0,0,0,0,0,0
1281486,0,2,0,983,306,6,102,440
287412,0,0,0,37,1,231,260,6014
255248,0,1,0,4,2,2,1,0
3134142,0,0,0,0,4,0,0,0
2986834,0,2,0,1,0,0,0,0
2843470,0,0,0,0,0,0,24,0
2594269,0,4,0,0,0,0,0,0
765840,0,1,0,0,0,0,0,0
2845416,0,0,0,0,0,0,0,140
223967,0,7,1,4,4,1,3,3
1871687,0,0,0,30,56,67,0,0
33946,0,7,0,20,3,0,0,1
37734,0,2,0,177,20,235,6,6
56956,0,8,0,27,0,0,0,0
293,0,1,0,1,0,0,0,0
29430,0,8,0,0,2,0,0,0
1602,0,0,0,2,3,12,0,1
34072,0,0,1,0,1,1,0,0
129337,0,0,0,1,0,0,0,0
2058324,0,1,0,0,0,0,0,0
152794,0,0,0,1,7,0,0,0
958,0,0,0,0,1,0,0,0
3431390,0,1,0,0,0,0,0,0
33986,0,0,0,0,2,0,0,0
2845175,0,0,0,30,10,0,0,223
58169,0,5,0,0,9,60,0,0
1134405,0,0,0,0,1,0,0,0
1538644,0,0,0,0,1,0,0,0
3235110,0,3,0,0,1,0,0,0
1604,0,10,16,2,5,0,2,0
2026186,0,1,0,0,0,0,0,0
2499144,0,1,0,0,0,0,0,0
83526,0,0,0,23,393,0,0,0
75,0,1,0,0,0,0,0,0
147645,0,1,0,1,3,0,0,0
2479367,0,0,0,0,1,0,0,0
61646,0,68,0,0,5,0,0,1
40214,12,2784,4,30,771,34,17,141
3060154,0,0,0,0,1,0,0,0
1244,0,7,0,28,2,7,0,0
1584,0,182,395,14,30,0,0,4
68909,0,16,0,0,1,0,0,0
59737,0,1,0,0,0,0,0,0
34004,0,2,0,0,2,0,0,0
1903186,0,1,1,1,0,0,0,0
223184,0,1,0,1,3,0,0,0
335929,0,0,0,3,0,0,0,0
1330545,0,0,0,1,0,1,1,0
1967501,0,2,0,1,0,0,0,0
1170710,0,0,0,0,1,0,0,0
2719231,0,0,0,1,0,0,0,0
32012,0,0,0,0,0,0,0,1
9606,5592,22595,161,10587,21008,9956,4967,18341
199136,0,0,0,1,0,0,0,0
3003263,0,0,0,0,0,1,0,0
2038776,0,4,0,0,0,0,0,0
108981,0,3,0,0,2,1,0,0
2845158,0,0,0,0,5,107,0,523
285,0,7,0,1,3,0,1,0
1290,0,0,0,2,0,0,0,2
2282420,0,3,0,0,0,0,1,0
615,0,1,0,0,3,0,0,0
2796140,0,2,0,0,0,0,0,0
3045147,0,177,0,3,14,1,0,0
2975441,1,0,0,0,0,0,2,0
2077149,0,0,0,0,0,0,0,1
43667,0,1,0,0,0,0,0,0
68,0,2,0,0,0,0,0,0
2053287,0,4,0,2,3,0,3,0
2506452,0,0,0,0,1,0,0,0
82380,0,7,0,0,0,0,0,0
2600598,0,15,0,9,2,0,0,0
37923,0,4,0,0,30,1,0,0
3061989,0,2,0,0,0,0,0,0
63118,0,4,0,8,0,2,100,3163
47920,0,3,0,0,1,0,0,0
2845402,0,0,0,107,0,0,0,3834
33934,1,2,1,17,0,0,0,68
33918,0,4,0,0,0,0,0,0
1683,0,0,0,0,0,0,0,1
2845187,0,0,0,185,0,1270,0,945
83129,0,0,0,0,292,31,0,3686
3162563,0,1,0,0,0,0,0,0
1756149,0,1,0,0,2,0,0,0
2494374,0,1,0,0,0,0,0,0
1313,0,4,0,0,2,0,0,1
3037457,0,1,0,12,27,20,0,1
3043441,0,1,0,0,0,0,0,0
1148196,0,0,0,0,0,0,0,1
1705,0,5,0,3,5,0,0,0
3395466,0,0,0,0,1,0,0,0
1597,0,56,0,74,777,28,5,9
218144,0,0,0,0,0,2,8,0
35760,0,0,59,0,0,0,0,0
230361,0,1,0,1,0,0,0,0
283,0,0,0,0,0,1,0,0
2072503,7,7057,134,2012,5568,1870,1624,2681
392610,0,1,0,1,0,0,0,0
673372,0,0,0,0,2,0,0,0
259,0,3,0,2,3,0,0,0
3233380,0,83,0,2,5,0,1,0
758826,1,2,0,0,4,0,0,1
256325,0,1,0,1,0,0,0,0
43771,0,0,0,0,1,0,1,0
28450,0,0,0,2,0,0,0,0
2008795,0,0,0,1,0,0,0,0
545,0,1,0,0,0,0,0,0
3444114,0,1,0,0,0,0,0,0
267818,0,548,1,361,2049,169,394,17
3073563,0,1,0,0,0,0,0,0
1600,0,2,0,0,0,0,0,0
1094342,0,2,0,0,0,0,0,0
1765049,0,0,0,1,0,0,0,0
3230736,0,0,0,0,1,0,0,0
3066217,0,1,0,0,0,0,0,0
2955860,0,1,0,0,0,0,0,0
1696,0,0,0,1,0,0,0,0
683042,0,1,0,0,0,0,0,0
1156431,0,3,0,0,0,0,0,0
31537,0,314,0,0,0,0,0,0
2107999,0,3,0,0,1,0,0,0
2845467,0,80379,0,0,0,0,0,0
2845462,0,1,0,9200,0,0,0,0
1567453,1,0,0,0,0,0,0,0
27291,4496,0,0,1,0,0,0,0
104102,0,0,0,0,72,0,0,0
2500548,0,0,0,0,15,0,0,0
339,0,0,0,0,0,0,0,1
2845476,0,0,0,0,0,0,0,437
160825,0,0,0,0,1,0,0,0
1906273,0,1,0,0,0,0,0,0
374432,10,3,2,0,1,2,0,2
113608,0,0,0,1,0,0,0,0
2742673,0,1,0,0,0,0,0,0
28454,0,1,0,1,8,0,0,0
1816680,0,0,0,1,0,0,0,0
2184083,0,0,0,0,1,0,0,0
186822,0,0,0,1,0,0,0,0
2748,0,0,0,2,56,0,1,1
1940621,0,1,0,0,1,0,0,0
745,0,0,0,2,0,0,0,0
1633874,0,0,0,0,69,0,0,0
1859475,0,0,0,0,0,0,0,3
47715,0,4,0,0,5,0,0,1
376175,0,2,0,0,2,0,0,0
2845451,0,0,0,0,0,0,0,1
1888195,0,0,0,0,0,0,2,0
1296669,0,1,0,0,1,0,0,1
2603296,5,0,0,1014,0,98,0,2
85413,0,0,0,1,6,0,0,0
215580,0,0,0,0,1,0,0,0
2845407,0,1,0,549,0,3,120,7974
1714373,0,2,0,0,1,0,0,0
115778,0,26,0,48,7,374,82,1
2170247,0,0,0,17,0,0,0,0
3235108,0,2,0,0,0,0,0,0
421058,0,0,0,0,0,1,0,0
153496,0,0,0,0,10,0,0,0
165697,0,0,0,1,0,1,0,0
562,8052,17,4,0,4,3,5,9
2545800,0,0,0,0,1,0,0,0
271,0,5,0,64,0,0,0,0
36805,0,7,0,0,3,0,0,0
2878255,0,0,0,0,6,0,0,0
1085622,0,0,0,0,0,0,0,1
380021,8,11,5,3,4,7,7,2
1280,0,5,0,98,3,2,2,1
3240930,0,7,0,0,0,0,0,0
2764185,0,0,0,0,1,0,0,0
582,0,4,0,0,5,0,0,0
240521,0,0,0,0,2,0,0,0
1287640,0,1,0,0,0,0,0,0
1246,0,130,0,235,148,368,65,23
47883,0,5,0,0,0,0,0,0
343874,0,0,0,4,4,0,0,0
2781599,0,8,0,0,1,0,0,0
146939,0,0,0,1,0,0,0,0
202956,0,30,0,3,6,0,0,0
3044568,1,0,0,0,0,0,0,0
226,0,1,0,0,0,0,0,0
816,0,0,0,0,0,0,8,0
1691904,1,0,0,0,0,1,1,0
1839799,0,1,0,0,2,0,0,0
912630,0,0,0,0,0,0,0,1
102684,0,148,0,179,41,7,11,2
2929800,0,0,0,1,0,0,0,0
1607,0,1,0,0,0,0,0,0
2173034,0,0,0,1,0,43,0,3
52972,0,1,0,0,0,0,0,0
2845173,0,3469,0,0,0,0,0,0
33964,0,22,0,189,50,393,164,15
1519,0,2,0,0,1,0,0,0
657323,0,0,0,7,0,0,0,133
29388,0,0,0,1,0,0,0,0
2845469,0,10940,0,0,0,0,0,0
28133,0,1,0,0,0,0,0,0
114652,0,1,0,0,0,0,0,0
980427,0,2,0,1,0,0,0,0
38289,0,0,0,0,1,0,0,0
2845185,0,0,0,12,357,60,35,8
2845165,0,4648,0,0,0,0,0,0
3139409,0,0,0,0,1,0,0,0
2815358,0,0,0,0,0,1,0,0
2879107,0,0,0,1,0,0,0,0
82977,0,36,0,0,11,4,0,0
1588,0,0,0,4,7,0,0,0
2739062,0,1,0,0,0,0,0,0
1748,0,1,0,1,0,0,0,0
246144,0,27,0,0,0,0,0,1
1932662,0,0,0,0,1,0,0,0
3120669,0,0,0,0,0,1,0,0
3060624,0,0,0,1,0,0,0,7
2730425,0,0,0,0,2,0,0,0
28113,0,1,0,0,0,0,0,3
57037,0,0,0,0,1,0,0,0
3040598,0,2,0,0,0,0,0,0
721785,0,0,0,0,0,0,1,0
394964,0,0,0,0,1,0,0,0
2898433,0,0,0,0,0,0,0,1
1604335,0,0,0,0,0,1,0,0
3022250,0,1,0,0,0,0,0,0
88233,0,0,0,0,22,0,0,0
2816248,0,0,0,0,1,0,0,0
41202,0,0,0,0,1,0,0,0
117567,0,0,0,0,0,1,0,0
2845449,0,0,0,0,0,0,0,1
2759167,0,1,0,1,1,0,0,0
160826,0,0,0,0,0,1,0,0
28384,3,0,2,0,0,0,0,0
2708340,0,0,0,0,1,0,0,0
373,0,0,0,0,1,0,0,0
3379129,0,0,0,0,1,0,0,0
85016,0,0,0,1,0,0,0,0
909656,1,0,0,0,0,0,1,0
57480,0,36,0,2,3,1,0,1
160386,0,11,0,6,19,9,0,1
2184519,0,0,0,1,2,0,0,0
3044792,0,1,0,0,82,9,0,0
1643,0,0,0,0,0,0,0,3
80884,1,0,0,0,0,0,0,0
2845480,0,1,0,13249,47,0,0,0
575112,0,0,0,0,0,0,0,2
1855823,0,0,0,1,0,0,0,0
358220,0,5,0,1,1,0,0,0
1545044,0,1,0,0,1,0,0,0
44273,0,646,0,48395,17869,17262,15669,7170
1580,0,0,0,151,16,15380,11,2254
2698683,0,0,0,6,0,2,3,0
59310,0,84,0,41,50,36,3,4
358,0,25,0,3,14,0,1,0
2845401,0,1,0,99,0,0,6,586
59406,5,0,1,0,0,0,0,0
1763,7,0,3,0,0,0,7,4
3414504,0,0,0,0,1,0,0,0
1311,0,1460,0,173,1263,144,23,834
2845440,0,268,0,0,0,0,0,0
3397060,0,0,0,0,0,0,2,0
2592653,0,0,0,57,1,4,3,181
2931400,0,4,0,0,0,0,0,0
2545797,0,0,0,0,0,0,0,1
3069708,0,0,0,0,0,1,0,0
3035288,0,0,0,0,0,1,0,0
393921,0,0,0,0,0,0,0,1
494269,0,0,0,0,0,0,0,1
316,3,5,1,2,3,3,0,0
28197,0,1,0,2,15,0,0,0
1639,0,6,0,43,4,0,45,2
399497,0,4,0,0,0,0,0,0
1118202,0,5,0,0,1,0,0,0
1363,0,252,0,1682,1007,3016,379,76
2738126,0,1,0,0,0,0,0,0
3003272,1,0,0,1,0,0,0,0
1694,0,23,7,5,15,0,2,6
2986766,1,0,0,0,0,0,0,0
3112952,0,3,0,0,2,0,0,0
114525,1854,0,1,0,0,0,0,0
271881,1,2,0,0,2,0,0,0
93217,0,0,0,0,0,0,1,0
1886807,0,1,0,0,1,0,0,0
2845443,0,0,0,0,0,0,0,224
40091,0,3,0,0,0,0,0,0
1249,0,0,1,493,178,436,72,5
2845408,0,1,0,0,0,0,0,0
2867264,0,1,0,0,0,0,0,0
2004644,0,5,0,0,5,0,0,0
1179672,0,0,0,0,1,0,0,0
1241982,0,1,0,0,1,0,0,0
1590,90,12914,1,827,233,209,140,193
28123,0,7,0,0,1,0,0,1
2845136,28,0,0,0,0,0,0,0
3118105,0,1,0,0,0,0,0,0
152331,0,9,0,8,44,0,0,1
35241,0,0,0,1094,1268,63,1197,21
399742,0,12,0,0,0,0,0,0
2735554,0,1,0,0,1,0,0,0
553814,0,9,0,0,0,0,0,0
2845391,0,2,0,0,0,0,0,0
36035,0,0,0,2,0,0,0,0
446692,0,0,0,0,82,2,0,0
3050383,0,1,0,0,0,0,0,0
2774562,0,1,0,0,0,0,0,0
3423225,0,10,0,0,0,5,0,0
3052086,0,0,0,0,1,0,0,0
2845479,0,0,0,76,55,0,0,3184
81947,0,4,0,476,0,0,0,263
2796366,0,0,0,0,2,0,0,0
1868794,0,0,0,0,2,1,0,0
2861281,0,18,0,1,1,0,0,0
1704499,0,2,0,0,0,0,0,0
165096,0,0,0,0,1,0,1,0
2906062,0,0,0,0,1,0,0,0
3097255,0,1,0,0,0,0,0,0
47770,0,5,4,1,14,1,0,0
176292,1,0,0,0,0,0,0,0
2816912,0,7,0,415,44,1859,910,87
2559928,0,0,0,5,1,0,16,0
2756,0,3,0,152,0,1,0,0
2845447,0,0,0,24,0,83,0,6924
2845392,0,2922,0,0,0,0,0,0
105751,0,2,0,0,0,0,0,0
322095,0,25,0,0,1,0,0,0
3060326,0,3,0,0,0,0,0,0
544448,0,0,0,0,0,1,0,1
3028084,0,6,0,0,0,0,0,0
51669,1,1,0,76,0,1,0,0
155866,0,0,0,1,0,0,0,0
27289,0,0,0,2,0,0,0,0
46126,0,0,0,2,4,0,0,1
2817411,0,1,0,0,0,0,0,0
213775,0,0,0,0,0,62,0,0
273384,0,1,0,0,1,0,0,0
2478552,0,9,0,14,0,0,0,0
39491,0,0,0,20,0,0,0,0
2563897,0,4,0,0,3,0,0,0
3060379,0,0,0,0,1,0,0,0
2954093,0,4,0,0,0,0,0,0
3233381,0,8,0,0,0,0,1,0
2170251,0,0,0,15,0,1,0,0
1903686,0,1,0,1,1,0,0,0
2169624,0,2,0,0,0,0,0,0
3435885,0,1,0,0,0,0,0,0
254,0,3,0,0,2,0,0,0
2845428,0,0,0,1,4,0,0,0
1842534,0,0,0,0,1,0,0,0
2806346,0,0,0,0,1,0,0,0
94625,0,0,0,1,0,0,0,0
104336,0,1,0,0,0,0,0,0
2879938,0,0,0,0,1,0,0,0
37929,0,1,0,0,0,0,0,0
915099,0,1,0,0,2,0,0,0
2981139,0,1,0,0,0,0,0,0
2845150,0,0,0,6,0,53,0,3
3043330,0,3,0,0,0,0,0,0
2006115,0,3,0,0,4,0,0,0
3059026,0,2,0,0,0,0,0,0
201847,0,0,0,49,71,18,222,0
1599,0,14,0,111,429,14,3,0
198467,0,0,0,1,0,0,0,2
2830667,0,1,0,0,0,0,0,0
2845161,0,0,0,1,0,0,104,359
288000,0,3,0,0,0,0,1,0
3252900,0,1,0,0,8,0,0,0
51663,0,1,0,0,2,1,0,0
3031803,0,1,0,0,1,0,0,0
162496,0,0,0,0,0,0,0,2
97478,0,16,2,0,0,0,0,0
1464,0,0,1,0,0,0,0,0
72026,0,217,0,0,43,0,1,4
1721,0,4,0,3,19,0,0,0
1749,0,2,0,1,0,0,0,0
489910,0,0,0,0,1,0,0,0
197614,0,8,0,0,18,0,0,0
1303,0,21,0,73,9,4,18,3
1613,28,56,3,127,240,42,62,3
2316085,0,6,0,1,0,0,0,0
349094,0,1,0,0,2,0,0,0
106648,0,5,0,1,1,0,0,0
2774646,0,0,0,4,0,0,0,0
1261,0,2,0,0,0,0,0,0
1316412,0,6,0,0,1,0,0,0
70856,0,0,0,0,0,0,0,2
2420310,0,1,0,0,0,1,0,1
423349,0,0,0,0,1,0,0,0
2713414,0,0,0,1,2,0,0,0
1884916,0,0,0,1,0,0,0,0
254785,0,0,0,0,0,0,1,0
89059,0,1,0,8,0,2,1,5
216778,0,0,0,0,0,0,1,0
1278212,0,2,0,9,2,0,0,0
3379128,0,1,0,0,2,0,0,0
2834768,0,2,0,0,0,0,1,0
149016,0,3,0,0,4,0,0,0
162426,0,0,0,0,1,0,0,0
59779,0,0,0,1,1,0,0,2
2845156,0,23,0,0,0,0,0,0
401472,0,1,0,0,0,0,0,0
1811193,0,0,0,0,0,1,0,0
2875764,0,1,0,0,0,0,0,1
33043,0,0,0,3,0,0,0,0
161896,0,1,0,4,18,1,0,0
1364,0,778,0,853,1271,1658,532,74
53345,0,407,0,47,7,3,7,2
1903056,0,4,0,1,4,0,0,1
2949090,0,1,0,0,0,0,0,0
3078264,0,0,0,1,1,0,0,0
2812000,0,2,0,0,1,1,0,0
1623305,1,0,0,0,0,0,0,0
1406,0,0,0,0,0,1,0,0
2023260,0,2,0,0,2,0,0,0
1111,0,0,0,0,0,1,0,0
33968,19,103,51,404,91,885,30,11
565,0,1,0,0,0,0,0,3
2845433,0,1,0,0,6,0,0,0
318683,0,0,0,0,1,0,0,0
3415008,0,0,0,0,2,0,0,0
202951,0,4,0,0,2,0,0,0
66229,0,0,0,0,19,0,0,0
651561,0,2,0,1,2,0,0,0
105219,0,0,0,0,1,0,0,0
1587,0,1032,4,212,1173,130,46,88
40216,0,1,0,0,0,0,0,0
2845178,0,0,0,1,8,1,42,737
3136676,0,0,0,0,1,0,0,0
3151764,0,0,0,0,1,0,0,0
1972068,0,0,0,0,1,0,0,0
415421,0,0,0,0,5,0,0,0
839,0,1,0,0,0,0,0,0
2478663,0,2,0,0,5,0,0,0
3350167,0,16,0,0,10,0,0,1
2845183,0,0,0,4,0,26268,0,9
1491,0,0,0,0,0,0,1,0
3030830,0,1,0,0,0,0,0,0
1531429,0,0,0,0,1,0,0,2
1795053,0,0,0,1,0,0,0,0
2878534,0,1,0,0,0,0,0,0
1884907,0,0,0,2,0,0,0,0
187145,0,0,0,1,0,0,0,0
3048607,0,2,0,0,1,0,0,0
861445,0,9,0,6,3,1,0,0
388452,0,0,0,5786,85,0,0,2
1134435,0,0,0,0,2,0,0,0
2845477,0,0,0,0,0,0,0,319
296,0,14,0,0,5,0,0,0
106654,0,4,0,0,1,1,1,1
742013,0,1,0,0,0,0,0,0
1646498,0,609,0,8,203,54,0,0
265,0,0,1,0,0,1,0,0
1874826,0,1,0,0,0,0,0,0
334542,0,0,0,0,2,0,0,1
1862961,0,32,0,0,0,0,0,0
51664,0,0,0,45,0,0,0,0
3372856,0,0,1,0,0,0,0,0
3042315,0,0,0,1,0,0,0,0
2725684,0,1,0,0,0,0,0,0
68287,0,0,0,1,0,0,0,0
65959,0,0,0,0,11,0,0,0
85471,1,0,0,0,0,0,0,0
43263,0,5,0,2,1,0,0,0
151783,0,0,0,0,0,1,0,0
2908637,0,3,0,1,1,0,0,0
481146,0,0,0,0,82,1,0,0
2760308,0,2,0,0,1,0,0,0
216816,458973,41,2,0,29,0,0,4
577,0,29,0,0,0,0,0,0
2230877,0,1,0,0,0,0,0,0
195,0,1,0,5,0,0,0,0
2950074,0,1,0,0,0,0,0,0
1913650,0,1,0,0,0,0,0,0
43668,0,0,0,0,0,0,4,1
1304,0,193,0,17,36,19,4,7
470868,0,0,0,0,1,0,0,0
1871624,0,0,0,0,0,0,0,1
106589,0,0,0,0,1,0,0,0
12917,1,4,1,3,2,0,1,1
2921616,0,1,0,0,0,0,0,0
2045214,0,1,0,0,0,0,0,0
1326,0,8,0,0,1,0,0,0
1054033,0,0,0,1,0,0,0,0
471,0,2,0,0,0,0,0,0
2918299,0,0,0,0,1,0,0,0
1896164,0,0,0,1,2,0,0,0
57706,0,11,0,0,0,0,0,0
543311,0,0,0,0,1,0,0,1
33033,0,1,0,0,0,0,0,0
2962064,0,0,0,0,0,0,0,1
2845149,0,15637,0,0,0,0,0,0
1704076,0,0,0,0,0,0,0,287
2845154,0,0,0,17,0,0,7,5209
171523,0,0,0,7,0,0,0,0
1747,4,15,3,7,4,5,3,3
2057246,0,0,0,0,1,0,0,0
3373674,0,0,0,0,33,0,0,0
367477,0,1,0,0,0,0,0,0
3388845,0,0,0,0,0,0,1,0
2845459,0,0,0,3,0,11,0,3
865,0,0,0,0,1,0,0,0
1461582,0,0,0,0,1,0,0,0
1269,0,0,0,1,0,0,1,0
412689,0,0,0,0,0,0,1,0
255507,0,0,0,0,1,0,0,0
1286,0,0,0,0,2,0,0,0
626940,0,0,0,0,0,1,0,0
3415673,0,0,0,0,0,0,1,0
319653,0,0,0,0,0,0,0,20
2845437,0,0,0,46,14,10097,0,405
2733999,0,1,0,0,0,0,0,0
53457,0,1,0,0,0,0,1,1
29581,0,2,0,0,0,0,0,0
2897334,0,0,0,1,0,0,0,0
1920191,0,1,0,0,0,0,0,0
2766984,0,0,0,1,0,0,0,0
2153385,0,0,0,0,2,0,0,0
431306,0,0,0,0,61,31,0,0
33031,0,0,0,0,0,0,0,2
546367,0,327,0,0,116,1,10,0
1366,0,9787,0,22722,2365,21618,107779,3513
2893885,0,0,0,0,0,0,1,0
546,0,33,0,0,4,0,0,1
2845430,0,0,0,43466,62,1,31,0
1639133,0,1,0,0,2,0,0,0
766764,0,0,0,1,0,0,0,0
1336,0,16,0,0,4,0,0,9
2994078,0,1,0,0,3,0,0,0
1689272,0,0,0,0,1,0,0,0
460384,0,0,0,0,0,5,0,0
710648,0,0,0,0,0,0,0,3
2800818,0,1,0,0,0,0,0,0
2845424,0,0,0,3,0,0,201,0
1254,0,1,0,113,0,0,138,0
2074,0,0,0,0,0,0,0,1
274,0,1089,0,5920,9,0,0,0
2815720,0,1,0,0,0,0,0,0
2507582,0,1,0,0,0,0,0,0
42260,384,0,0,2,0,0,0,0
1883,0,0,0,2,0,0,0,0
2610896,0,0,0,0,0,0,0,1
1183413,0,0,1,0,0,0,0,0
2782167,0,0,0,0,1,0,0,0
3398393,0,1,0,0,0,0,0,0
104087,0,0,0,0,1,0,0,0
1871690,0,0,0,2,5,2,170,23
3322121,1,1,0,0,1,0,1,0
44013,0,0,0,1,0,0,0,0
2496265,0,0,1,0,0,0,0,0
301,0,7,0,3,3,0,0,1
1354,0,0,0,419,2,0,0,3
1812935,0,2,0,0,0,0,0,0
2778064,0,1,0,0,0,0,0,0
33052,1,0,0,0,0,0,0,0
853,0,1,0,321,0,1654,0,36
1601,0,1,0,187,0,0,0,0
2565554,0,0,0,0,0,1,0,0
231454,0,0,0,1,0,0,0,0
1407071,0,7,0,0,7,0,0,0
1609968,0,0,0,0,1,0,0,0
1563222,0,3,0,0,0,0,0,0
2845466,0,19262,0,0,0,0,0,0
1345,0,5,0,0,0,0,0,0
3029174,0,0,0,1,1,0,0,0
3041766,0,0,0,0,1,0,0,0
2801997,0,1,0,0,0,0,0,0
2879116,0,1,0,0,1,0,0,0
3050246,0,0,0,0,0,0,0,1
2997336,0,2,0,0,0,0,0,0
137732,0,0,0,0,0,1,0,0
2594913,0,2,0,0,0,0,0,0
2116510,0,0,0,1,0,0,0,0
77635,0,2,0,0,10,0,0,0
2845155,0,1,0,0,1,0,0,1
2845157,0,0,0,4,408,7,426,0
35757,0,0,0,0,1,0,0,0
1821625,0,0,3,0,0,0,0,0
1581,0,2,0,5,21,1,0,1
1165134,0,0,0,1,3,237,0,7141
45634,0,0,0,0,0,1,0,1
2169974,0,0,0,0,0,3,0,0
1335,0,23,0,256,8,1,2,50
28090,0,113,0,0,27,3,0,1
227942,0,7,0,0,0,0,0,0
529,0,1,0,0,1,0,0,0
1308,0,1222016,2,3237,8991,2126,385,213
1124835,2,14,0,3,609,0,0,0
2109914,0,312,0,21,291,1,2,0
1368430,0,0,0,0,0,0,0,1
1272,0,6,0,15,92,3,0,1
3081231,0,0,0,0,1,0,0,0
3025672,0,0,0,0,2,0,0,0
43685,0,0,0,58,16,5,4,6
1220207,2,0,0,0,0,0,0,0
2845164,0,875,0,4,0,0,0,0
1270,0,2,0,0,1,0,0,0
1727,0,14,0,7,39,3,1,0
568,0,0,0,1,0,0,0,0
3003392,0,13,0,0,4,0,0,0
587753,0,1,0,0,0,0,1,0
1842537,0,0,0,0,1,0,0,0
1349,0,107,0,15,42,7,52,34
82348,0,7,0,57,3,3,1,3
201828,0,0,0,0,1,0,0,0
419257,0,1,0,0,0,0,0,0
1742993,0,0,0,0,1,0,0,0
2845397,0,0,0,31,5,74,7,29
550,0,2,0,0,0,0,0,0
2708352,0,1,0,0,0,0,0,0
1751095,0,2,0,0,1,0,0,0
2719588,0,0,0,0,2,0,0,0
2994661,0,2,0,0,0,0,0,0
29389,0,11,0,0,0,0,0,0
13075,0,0,0,0,0,0,1,0
41997,0,0,0,4,55,2,0,1
1080349,1313,0,1,1,1,0,0,0
2751,0,42,0,126,118,3,1,2
1610,0,1,0,460,1,0,44,0
2975350,0,0,0,0,0,0,0,2
1641,0,0,0,0,1,1,3,0
47884,0,5,0,0,0,0,0,0
938155,0,0,0,0,1,2,1,0
551760,0,1,0,0,0,0,0,0
536441,0,18,0,1,3,0,0,0
1416779,0,5,0,0,3,0,0,0
1211807,0,0,0,0,1,0,0,0
80878,0,231,0,5,20,0,7,2
1198456,0,1,0,0,0,0,0,0
304207,0,11,0,0,15,0,0,0
614,0,9,0,0,0,0,0,0
2665156,0,2,0,0,0,0,0,0
817,0,1,0,0,0,0,0,1
2767188,0,0,0,0,1,0,0,0
1871086,0,2,0,1,2,1,0,0
1165135,0,0,0,6,12,0,152,8535
2845159,0,0,0,37,205,0,0,651
2708350,0,0,0,0,1,0,0,0
684066,0,1,0,0,0,0,0,0
2792015,0,0,0,1,0,0,0,0
2053,0,1,0,0,0,0,0,0
1206110,0,0,0,0,2,0,0,0
208224,0,29,0,0,0,0,3,3
12390,0,0,0,311,0,0,0,0
435897,0,0,0,2,1,0,0,0
2929799,0,72,0,3,88,0,0,0
2003121,0,0,0,0,1,0,0,0
2082188,0,0,0,0,0,1,0,0
3414496,0,35,0,0,0,2,0,0
1625,0,0,1,8,1,0,0,0
1450169,0,1,0,0,0,0,0,0
3051137,0,0,0,1,0,0,0,0
44249,0,0,0,0,0,0,2,0
2845478,0,0,0,1,16,77,0,0
2583822,0,1,0,0,0,0,0,0
2894201,0,1,0,0,0,0,0,0
28095,0,1,0,0,0,0,0,0
33962,0,3,0,72,466,62,7,5
2845445,0,0,0,66,11,88,0,1730
1041,0,0,0,0,0,0,0,1
83617,0,0,0,0,1,0,0,0
1252,0,19,0,28,3,16,19,13
1682113,0,1,0,0,0,0,0,0
2657486,0,2,0,0,0,0,0,0
61648,0,76,0,0,7,0,0,0
265960,0,0,0,0,2,0,0,0
2820270,0,4,0,0,4,0,0,0
542,0,0,0,0,6,0,0,0
3140252,0,1,0,1,0,0,0,0
2898483,0,0,0,0,1,0,0,0
1268659,1,0,0,0,0,0,0,0
128780,0,0,0,0,3,0,0,0
2894079,0,0,0,0,0,0,0,1
137591,1,2,1,14,0,4,18,1
56957,0,2,0,6,0,0,0,0
2562449,0,1,0,0,0,0,0,0
1768242,0,1,0,0,0,0,0,0
1608473,0,1,0,0,0,0,0,0
1071379,2,0,0,1,2,0,0,0
2845506,0,0,0,21,0,20,1,0
3049799,0,0,0,0,0,2,0,0
5866,139,139904,2348,34597,99287,48119,34445,55595
2845473,0,0,0,46,0,2454,0,6555
575200,0,1,0,1,15,0,2,1
1302,0,1,0,85,4,7,0,2
47878,0,0,0,0,0,0,2,0
2267833,2,3,1,0,2,0,0,0
13690,4,5,3,2,3,3,1,5
432096,0,0,0,5,4,0,0,0
1296,0,0,0,0,0,0,0,3
42906,0,1,0,0,0,0,0,0
257984,0,1,0,0,0,0,0,0
2656746,0,2,1,0,0,0,0,0
114524,12,0,0,0,0,0,0,0
2770234,0,1,0,0,0,0,0,0
756892,0,26,0,0,4,1,0,2
2954092,0,0,0,0,1,0,0,0
1282,0,1,1,1,1,0,0,0
2992441,0,1,0,0,1,0,0,0
2014528,0,3,0,0,0,0,0,0
645,0,18,0,3,7,1,1,1
1511761,0,0,1,11,2,6,5,2
279828,0,1,0,0,0,0,0,0
2173853,0,0,0,0,1,0,0,0
2487892,0,0,0,0,1,0,1,0
4932,980478,0,72,0,0,0,0,39
265959,0,0,0,1,13,0,0,0
659350,0,1,0,0,0,0,0,0
948519,0,78,0,0,1,0,4,0
2986951,0,1,0,0,1,0,0,0
29580,0,0,0,1,0,1,0,0
2976883,0,2,0,0,0,0,0,0
2818505,0,0,0,1,0,0,0,0
3077723,0,0,0,0,1,0,0,0
1223514,0,1,0,0,3,1,0,0
1052257,0,0,0,0,1,0,0,0
747,0,1,0,0,1,0,0,0
575378,0,1,0,0,0,0,0,0
3402868,0,0,0,0,2,0,0,0
3235106,0,0,0,0,1,0,0,0
2917991,0,0,0,2,1,0,0,0
2826993,0,1,0,0,0,0,0,0
202952,0,0,0,0,1,0,0,0
70346,0,5,0,0,2,0,0,0
136609,0,0,0,144,26,90,164,1
48736,1,0,0,0,0,0,0,0
104955,0,2,0,0,0,0,0,0
1351,1,28,0,855,1616,41,1999,196
1906742,0,1,0,0,0,0,0,0
59405,0,0,0,0,1,0,0,0
1710,0,3,0,0,0,0,0,0
62322,0,0,0,0,0,17,0,0
108486,0,0,0,0,8,0,0,0
2845403,0,1,0,0,0,0,0,0
3049801,0,1,0,5,6,1,0,0
28028,0,0,0,0,18,0,0,0
34002,0,0,0,0,1,0,0,0
1784719,0,0,0,0,0,1,0,0
34062,0,1886,2,127,1772,7,7,21
103855,0,0,0,0,1,0,0,0
36343,0,4067,0,0,0,0,0,0
487173,0,1,0,0,0,0,0,0
2053611,0,0,0,0,1,0,0,0
3425693,0,7,0,0,7,0,0,0
3081651,0,0,0,0,0,0,1,0
3376155,0,1,0,0,0,0,0,0
82803,0,5,0,0,1,0,0,0
375175,0,42,0,4,0,641,0,0
1338,0,0,0,1,0,0,0,0
76775,0,2,0,0,1,0,0,0
2816910,0,92,0,7,233,0,1,0
1716,2,0,0,0,0,0,0,0
2915130,0,0,0,0,1,0,0,0
2734089,0,0,0,0,1,0,0,0
2966554,0,1,0,0,0,0,0,0
34085,0,0,0,1,0,0,0,0
174587,0,2,0,0,0,0,0,0
1648923,0,1,0,0,0,0,0,0
1241978,0,0,0,0,3,0,0,2
33882,1,0,1,0,0,2,1,0
93466,0,1,0,0,0,0,0,0
2952886,0,1,0,0,0,0,0,0
2823518,0,0,0,0,1,0,0,0
210,0,0,0,0,1,0,0,0
185951,0,0,0,1,0,0,0,0
2845454,0,0,0,0,0,0,4,0
3385567,0,2,0,2,2,0,0,0
838,0,0,0,0,1,0,0,0
4930,0,0,0,0,0,1,1,0
3081771,0,1,0,0,0,0,0,0
1428,0,1,0,1,0,1,3,70
2871820,0,3,0,0,0,0,0,0
2774767,0,0,0,1,0,0,0,1
656366,0,0,0,0,1,0,0,0
731,0,1,0,0,0,0,0,0
650,0,6,0,0,0,0,0,0
44008,0,6,0,1,5,0,0,0
13076,0,0,0,1,0,0,0,0
2875948,0,1,0,0,0,0,0,0
508451,0,1,0,0,0,0,0,0
678932,0,1,0,0,0,0,0,0
48296,0,45,0,0,8,0,1,31
28198,0,0,0,0,1,0,0,0
2845468,0,0,0,0,0,0,0,1
61645,0,6,0,0,1,0,0,0
3428955,0,0,0,0,1,0,0,0
28065,0,0,0,1,0,0,0,0
196024,0,0,0,0,0,0,0,1
1337,0,2,0,0,1,0,0,0
497,0,0,0,0,0,0,1,0
1329,0,3,0,0,0,0,0,0
2925841,0,8,0,0,8,0,0,0
3028082,0,6,0,0,0,0,0,0
2879114,0,0,0,0,1,0,0,0
818,0,4,0,0,0,0,0,0
36808,0,0,0,0,1,0,0,0
1623304,0,0,0,2,0,0,0,1
233055,0,1,0,0,0,0,0,0
3055080,0,6,0,0,1,0,0,0
648,0,1,0,0,3,0,0,0
1868734,0,1,0,0,0,0,0,0
2845421,0,20,0,13851,101,43,0,0
2983299,0,0,0,1,0,0,0,0
2590869,0,3,0,0,0,0,0,0
46127,0,0,0,0,1,0,0,0
2845170,0,1,0,35,100,7901,244,19
2954513,0,3,0,0,0,0,0,0
2170249,0,0,0,103,0,0,0,0
41275,2,0,0,0,0,0,3,1
2954655,0,0,0,3,0,0,0,12
728,0,1,0,0,0,0,0,0
315405,0,18,0,29,54,98,12,4
29447,3,1,0,0,0,0,0,0
69218,0,2,0,0,0,0,0,0
907,0,1,0,0,0,0,0,0
1241981,0,0,0,0,3,0,0,0
631,0,0,0,0,0,2,0,0
2845452,0,0,0,1,0,1475,0,7134
90243,0,0,0,1,0,0,0,0
22,0,0,0,4,0,0,0,0
2018067,0,4,0,0,2,0,0,0
28985,2,2,0,25,6,1,0,0
2976818,0,2,0,0,1,0,0,0
1402,0,0,1,0,0,0,0,0
3059035,0,2,0,0,4,0,0,0
1343,0,69,0,9,4,0,30,2
2845465,0,3998,0,0,0,0,0,0
318829,0,0,0,1,0,0,0,0
238749,1,0,0,0,0,0,0,0
3438963,0,0,0,0,1,0,0,0
83654,0,0,0,0,2,0,0,0
252130,0,325,0,1,187,0,2,0
2954094,0,0,0,0,1,1,0,0
1027966,0,0,0,0,1,0,0,0
158822,0,0,0,0,1,0,0,0
1165136,0,0,0,0,0,7,0,0
1622,0,1,0,0,0,0,0,0
647,0,0,0,0,0,0,0,1
2845390,0,29074,0,0,0,0,0,0
2774847,1,0,0,0,0,0,0,0
2004650,0,3,0,0,0,0,0,1
2843466,0,2,0,0,0,0,0,0
665884,0,0,0,1,0,1612,114,4935
1703,0,1,0,0,0,0,0,0
215221,0,0,0,0,28,0,0,0
61015,0,0,0,0,0,0,0,2
2754694,0,1364,0,64,192,3,0,9
2742675,0,1,0,0,1,0,0,0
1689,0,3,0,0,1,0,0,0
544645,0,1,0,0,0,0,0,0
2816950,0,0,0,1,3,0,0,0
1926868,0,0,0,0,1,0,0,0
1331682,2,0,0,0,0,1,0,0
456163,0,148,0,1035,0,0,0,0
3070812,0,2,0,33,3,3,0,0
2845450,0,0,0,23,0,49,232,708
1245,1,136,0,10231,6866,8843,22171,2834
2714935,0,1,0,0,0,0,0,0
3074145,0,0,0,0,1,0,0,0
2715163,0,0,0,0,1,0,0,0
261164,0,2,0,0,0,0,0,0
2745511,0,1,0,0,0,0,0,0
83683,0,1,1,0,12,0,0,2
2039166,0,1,0,0,3,0,0,0
2742632,0,1,0,0,0,0,0,0
352475,0,1,0,0,1,0,0,0
3409994,0,7,0,0,3,0,0,0
71999,0,0,0,0,1,0,0,0
3130163,0,0,0,0,1,0,0,0
2762331,0,1,0,0,0,0,0,0
2976459,0,1,0,0,0,0,0,0
297,0,1,0,0,8,0,0,0
40323,0,0,0,0,0,0,0,1
544,0,0,1,0,0,0,31,0
2913495,0,0,0,0,1,0,0,0
158836,0,15,0,1,2,1,0,3
322509,0,0,0,0,1,0,0,0
2769343,0,0,0,0,1,0,0,0
28038,0,3,0,77,2,9,58,0
2059264,0,0,0,0,0,1,0,0
477697,5,10,0,0,0,0,0,0
2518343,2,0,0,2,0,0,0,0
3052757,0,1,0,0,0,0,0,0
2929481,0,0,0,0,1,0,0,0
2845387,0,383,0,0,0,0,0,0
1296540,0,2,0,2,4,0,2,0
2764720,0,0,0,0,1,0,0,0
1596,0,3,0,0,2,0,0,0
571256,0,20,0,0,5,0,1,0
1352,168,22,0,3414,97,2687,270,61
511,0,1,0,0,2,0,0,0
627192,0,1,0,0,0,0,0,0
1151742,0,17,0,213,205,277,148,27
909932,0,0,0,1,0,0,0,0
3003601,0,1,0,0,0,0,0,0
29382,1,0,0,0,0,0,0,0
33069,0,0,0,0,0,0,0,1
2170248,0,0,0,12,0,0,0,0
465797,0,0,0,0,1,0,0,0
3231511,0,0,0,0,1,0,0,0
1702170,0,1,0,0,0,0,0,0
200450,0,1,0,0,0,0,0,0
248315,0,1,0,0,0,0,0,0
2954703,0,0,0,0,0,1,0,0
1808001,0,0,0,0,0,1,0,0
2045451,0,2,0,0,0,0,0,0
2999062,0,0,0,0,1,0,0,0
2161816,0,0,0,0,1,0,0,0
2762323,0,1,0,0,0,0,0,0
156977,0,1,0,0,0,0,0,0
1608996,0,56,0,0,12,4,1,5
860353,0,1,0,0,0,0,0,0
2845188,0,0,0,19780,1,0,0,4
1054041,0,0,0,0,0,5,0,0
36863,0,0,0,0,1,0,0,0
3401633,0,1,0,0,0,0,0,0
2749962,0,172,0,127,193,32,80,2
121428,0,0,0,0,1,0,0,0
3055847,0,1,0,0,0,0,0,0
2478662,0,2,0,0,1,0,0,0
2734212,1,0,0,0,0,0,0,0
795665,0,0,0,0,1,0,0,0
459526,0,0,0,1,0,0,0,0
3120518,0,0,0,1,0,0,0,0
487174,0,2,0,0,0,0,0,0
2170246,0,0,0,28,0,6,0,0
2925838,0,0,0,9,0,5,4,7
1314,0,24,0,16,9,0,1,6
203683,0,1,0,0,0,0,0,0
1623,0,0,0,1,1,1,0,0
2487118,0,0,0,0,1,0,0,0
33970,0,0,0,0,0,0,2,0
2933816,0,0,0,0,0,0,1,0
1053551,0,0,0,0,10,0,0,0
34059,0,5,0,1,15,0,0,0
1680,0,0,0,0,1,0,0,1
571,0,0,0,0,0,0,0,1
3384157,0,1,0,0,0,0,0,0
3046670,0,0,0,2,2,0,0,0
2954086,0,1,0,0,0,0,0,0
1216932,0,2,0,0,0,0,0,0
294,1,2,0,0,1,0,0,0
254252,0,0,0,0,0,0,111,0
359110,0,1,0,1,0,0,0,0
283686,0,2,0,0,0,0,0,0
199591,0,1,0,0,0,0,0,0
1879050,0,8,0,7,7,0,0,0
43675,1,0,0,0,0,0,0,0
633807,0,1,0,0,0,0,0,0
3059030,0,0,0,0,0,0,0,1
3273430,1,1,0,0,1,0,0,0
1288,0,0,1,0,0,0,0,0
28188,0,1,0,0,0,0,0,0
996,0,1,0,0,0,0,0,0
146937,0,1,0,0,1,0,0,0
3025667,0,1,0,0,0,0,0,0
1579,0,34,2830066,2,5,0,0,18
482,0,0,0,0,3,0,0,0
1750719,0,4,0,0,0,0,0,1
2845148,0,1,0,156,383,77,100,2332
2738,0,2,0,1,5,0,2,0
1979527,0,0,0,0,0,0,1,0
319707,0,0,0,1,0,0,0,0
2985511,0,0,0,0,1,0,0,0
244566,0,28,0,5,1,0,0,0
2845461,0,0,0,10,1,32,6,26247
2852098,0,10,0,1,1,0,0,0
1501662,0,11166,0,192,3148,117,345,397
143361,0,0,0,0,1,0,0,0
1129771,0,1,0,0,0,0,0,0
1598,0,0,3,0,0,0,0,2
327277,0,42,0,0,165,0,0,4
278028,0,0,0,0,0,1,0,0
1076,0,0,0,0,1,0,0,0
258,0,1,0,1,1,0,0,0
89966,0,0,0,0,0,0,0,1
114090,0,0,0,4,0,3,8,0
3151487,0,3,0,1,1,0,0,0
1159556,1,0,0,0,0,0,0,0
2093818,0,1,0,0,0,0,0,0
93064,0,0,0,1,0,0,0,0
2136182,0,0,0,0,1,0,0,0
3374549,0,1,0,0,0,0,0,0
310300,0,91,0,3,4,4,0,2
1176649,0,0,0,0,3,0,0,0
1981031,0,0,0,0,0,0,0,1
2845162,0,0,0,18,63,2,4,578
2745947,0,0,0,0,1,0,0,0
665883,0,0,0,27,0,1,8,3172
75385,0,1,0,0,0,0,0,0
2745,0,0,0,0,0,0,0,2
2918899,0,10,0,51,0,0,0,0
82688,0,1,0,0,0,0,0,0
1699624,0,0,0,0,1,0,0,0
2845432,0,0,0,0,142,0,0,191621
1814128,0,0,0,1,0,0,1,0
3115851,0,22,0,0,0,0,2,1
1582259,0,0,0,2,0,0,0,0
2879149,0,50,0,1385,1969,1152,956,69
13687,0,0,0,0,1,1,1,0
1283,0,0,0,6,0,0,0,3
3409857,0,0,0,1,0,0,0,0
3409805,0,10,0,1,1,0,0,0
1938604,0,0,0,1,1,0,0,0
2734,0,0,0,4,0,0,0,0
349751,0,0,0,0,0,0,0,1
38304,0,0,0,0,1,0,0,0
200451,0,0,0,0,0,1,0,0
2853257,0,1,0,0,0,0,0,0
544580,3871,0,7,0,0,0,0,0
2845472,0,0,0,130,0,1,0,8463
2033033,0,3,0,0,0,0,0,0
2866278,0,1,0,0,0,0,0,0
2845470,0,20269,0,0,0,0,0,0
1805431,0,0,0,1,0,0,1,0
31998,0,0,0,0,0,1,0,0
2766470,7,135,1,7025,150,20899,1094,259
2839759,0,0,0,0,1,0,0,0
2845404,0,18389,0,0,0,0,0,0
2654238,0,5,0,0,0,0,0,0
583,0,1,0,0,0,0,0,0
37914,0,0,0,0,0,0,0,4
2734048,1,0,0,0,0,0,0,0
2976884,0,6,0,2,0,0,0,0
3109030,0,1,0,14,0,0,0,0
1309795,0,5,0,0,0,0,0,0
2845463,0,165578,0,0,0,0,0,0
2845191,0,0,0,63,89,1567,859,11
569,0,14,0,0,10,0,0,0
2961941,0,0,0,1,0,0,0,0
881260,0,1,0,0,0,0,0,0
712270,0,0,0,1,0,0,0,0
666,0,1,0,0,0,0,0,0
1206777,0,2,0,0,0,0,0,0
2893884,0,0,0,0,1,0,0,0
1336740,0,3,0,0,0,0,0,0
3118084,0,0,1,0,0,0,0,0
862751,0,0,0,0,7,0,0,0
133925,0,0,0,0,0,0,0,1
32207,0,0,0,1,0,0,0,0
1443941,0,2,0,7,1,1,0,0
1076596,0,0,0,0,9,0,0,0
574650,0,1,0,0,0,0,0,0
160674,0,0,0,0,0,0,1,1
40324,6,19,0,1,9,1,0,0
1955814,0,4,0,0,0,0,0,0
994695,0,0,0,1,0,0,0,0
1144307,0,0,0,1,0,0,0,0
2675523,0,0,0,0,0,1,0,0
82989,0,1,0,0,0,0,0,0
34087,0,7,0,2,1,0,0,0
2565556,0,1,0,0,0,0,0,0
2845406,0,4167,0,0,0,0,0,0
2610895,0,0,0,1,0,0,0,0
1589,1,0,0,33,240,0,0,1
2498451,0,0,0,1,0,0,0,0
2080740,0,0,0,0,1,0,0,0
2845182,0,0,0,0,0,0,109,245
1628248,0,4,0,1,2,0,0,0
303,0,2,0,0,2,0,0,1
2827099,0,0,0,0,14,1,0,0
656899,0,0,0,0,0,1,0,0
2759528,0,0,0,0,23,0,0,0
80866,0,14,0,2,1,0,0,2
580,0,0,0,0,3,0,0,3
1241979,0,1,0,1,1,0,0,0
2994319,0,0,0,1,0,0,0,0
2708346,0,2,0,0,0,1,0,3
2845425,0,0,0,0,0,0,0,1
37636,0,2,0,3,0,0,1,0
1789224,0,1,0,0,1,1,0,0
271865,0,3,0,0,2,0,0,0
76761,0,1,0,0,0,0,0,0
876,0,3,0,0,1,0,0,0
1309,0,1,0,0,1,0,0,0
92645,0,0,0,0,1,0,0,0
164330,0,1,0,1,0,0,0,0
410,2,0,0,0,0,0,0,0
3023517,1,0,0,0,0,0,0,0
436,0,0,0,0,378,1,0,0
3344667,0,0,0,0,0,1,0,0
35345,0,5,0,219,318,0,286,15
40215,0,33,0,0,7,6,10,14
3138069,0,1,0,0,0,0,0,0
28091,0,1,0,0,0,0,0,0
1891094,0,0,0,0,1,0,0,0
135740,0,0,0,0,0,0,1,0
136857,0,0,0,0,0,0,0,1
3041175,0,1,0,1,0,0,0,0
604330,0,3,0,0,2,0,0,0
3414707,0,3,0,2,0,0,0,0
656,0,83,0,0,0,0,2,5
1530123,0,5,0,0,3,1,0,0
363952,0,0,0,0,1,0,1,0
654,0,85,0,0,1,0,5,9
2845431,0,0,0,0,7,1,0,0
468911,0,0,0,0,0,0,1,0
3434457,0,0,0,0,0,1,0,0
2664091,0,1,0,0,0,0,0,0
28901,0,0,0,1,1,0,0,0
2734044,0,0,0,7,0,0,0,0
225992,0,2,0,0,0,0,0,0
87458,0,28,0,5,17,2,3,5
435,0,0,0,0,130,0,0,0
2929493,0,0,0,0,0,170,0,0
287,14,23,6,7,7,5,8,3
1312364,0,1,0,0,1,0,0,0
1725,0,1,0,5,35,0,0,2
29466,0,1,0,0,0,0,0,0
1359,1,1301,0,4166474,4815331,3263317,5001882,2623066
2743575,0,42,0,1,13,3,0,2
2762577,0,1,0,0,0,0,0,0
2018564,0,2,0,0,1,0,0,0
665874,0,2,0,0,0,0,0,0
2845176,0,0,0,0,13,0,0,194
190893,1,1,0,0,0,0,0,0
33170,0,0,0,0,1,0,0,0
1138190,0,0,0,0,1,0,0,0
400634,0,0,0,0,0,0,2,0
2774663,0,0,0,0,2,0,0,0
3003393,0,1,0,1,0,0,0,0
3070215,0,0,0,11,0,0,0,0
2714924,0,1,0,0,0,0,0,0
3127115,0,0,0,0,0,0,1,0
2775081,0,3,0,0,0,0,0,0
2845398,0,0,0,0,62,71,0,9380
3080830,0,1,0,0,0,0,0,0
2067959,0,0,0,0,1,0,0,0
1328,0,3,0,0,2,0,0,3
207745,0,1,0,0,0,0,0,0
33959,1,1,8,11,1,0,20,8
88190,0,1,0,9,0,0,0,0
3233335,0,2,0,0,2,0,0,0
37928,0,0,0,0,0,0,0,2
150055,0,13,0,72,20,19,44,92
2849039,0,1,0,2,0,0,0,0
28026,1,0,0,0,0,0,0,0
28100,0,0,1,0,0,1,1,0
206506,0,1,0,0,0,0,0,0
3231906,0,9,0,0,0,0,1,0
549,0,2,0,0,3,0,0,0
1134687,0,1,0,0,1,0,0,3
34073,0,1,0,0,0,0,0,0
2382163,0,1,0,2,0,0,0,0
51668,0,0,0,0,0,0,0,1
41276,0,1,0,0,0,0,0,0
2885764,0,1,0,0,0,0,0,0
2925837,0,9,0,0,3,0,0,0
88688,0,0,0,1,0,0,0,0
1358,0,111014,1,1605350,1370061,2818642,1544379,211334
240427,0,0,0,0,0,0,0,1
28172,0,0,0,1,0,0,0,0
2795724,0,0,0,0,1,0,0,0
2845412,0,1,0,1,0,0,41,1393
3043284,0,0,0,0,1,0,0,0
151781,0,0,3,0,0,0,0,0
1839,0,0,0,0,0,0,0,2
46124,0,2,0,0,2,0,0,0
1305,0,1,0,3,8,3,0,5
2845423,0,17058,0,0,0,0,0,0
2734082,0,0,0,1,0,0,0,0
3060629,0,0,0,3,0,0,0,0
3434346,0,0,0,2,0,0,0,0
1396,9628,0,3,0,1,1,0,0
2487065,0,0,0,0,3,0,1,0
630,0,7,0,0,4,0,0,0
2920939,0,1,0,0,2,0,0,0
2487063,0,0,0,0,4,0,0,0
10663,0,1,0,0,0,0,0,0
2749961,0,309,0,81,537,3,10,0
5811,2,0,0,0,0,0,0,0
128785,0,2,0,0,1,0,0,0
172043,0,0,0,0,0,1,0,0
76760,0,10,0,0,2,1,0,0
1346,0,8,0,14,3,13,2,3
2845455,0,0,0,2,2,0,180,651
1377,0,1,0,2,0,0,0,0
438,0,0,0,0,62,1,0,0
1061,0,1,0,0,0,0,0,0
3049086,0,5,0,0,1,0,0,1
2845171,0,0,0,45,0,2,0,734
150123,0,1,0,0,0,0,0,0
1463158,0,0,0,1,0,0,0,0
1262523,0,0,0,30,0,16,1,0
340268,0,0,0,0,1,0,0,0
250,0,1,0,0,0,0,0,0
3073902,0,1,0,0,0,0,0,0
2605747,0,1,0,0,0,0,0,0
28025,0,0,49024,0,0,0,0,0
1758466,0,1,0,0,0,0,2,0
2058152,0,3,0,0,0,1,0,0
590,1,1,1,0,0,0,0,1
3412686,0,0,0,0,1,0,0,0
1562974,0,10,0,2,7,0,0,0
2779519,0,0,0,1,0,0,0,0
419475,0,2,0,0,0,0,0,0
1940789,0,9,0,1424,2057,11166,1049,360
859,0,583,0,1,96,15,18,26
555317,0,0,0,1,0,0,0,0
2714925,0,0,0,0,1,0,0,0
33039,0,0,0,117,0,548,0,1
3078428,0,0,0,0,1,0,0,0
2845189,0,0,0,18215,6,0,0,0
1773,0,0,0,1,1,0,0,0
1117645,0,6,0,0,2,0,0,0
1868793,0,0,0,0,1,0,2,6
648995,0,2,0,0,1,0,0,0
3059038,0,0,0,0,3,0,0,0
2845415,0,0,0,0,0,0,0,108
2893886,0,3,0,2,0,0,0,0
3234200,0,1,0,0,1,0,0,0
2845426,0,0,0,0,1,0,0,0
2845438,0,0,0,7,0,0,17,14
644,0,7,0,0,0,0,0,0
29442,0,0,0,1,0,0,0,0
5506,0,0,0,0,0,0,0,1
67827,0,36,0,0,1,0,0,0
2698682,0,2,0,0,3,0,0,0
256326,0,1,0,0,0,0,0,0
32013,0,1,0,2,3,0,0,0
3060722,0,1,0,0,0,0,0,0
1341,0,2,0,0,0,0,0,0
5475,0,0,0,0,1,0,0,0
85336,0,5,0,0,0,0,0,0
2828862,0,0,0,0,1,1,0,0
2060307,0,0,0,1,1,1,0,0
2845429,0,0,0,0,2,0,0,7
2726434,0,1,0,0,0,0,0,0
357441,14,0,0,166,14,20,17,9
3047030,0,3,0,0,1,0,0,0
2845167,0,0,0,664,57,104,0,6816
108980,0,10,0,0,5,1,0,0
1890302,2806,0,0,0,0,0,0,0
126156,0,0,0,0,0,0,1,0
3031126,0,1,0,0,1,0,0,0
556054,0,1,0,0,0,0,0,0
328692,0,0,0,1,0,0,0,0
3059819,0,0,0,0,0,0,1,0
2734251,0,1,0,0,2,0,0,0
2845396,0,0,0,74,1,0,0,500
1871681,0,0,0,466,1363,1,441,12
147802,0,0,1,0,0,0,0,0
27288,0,0,0,4,1,0,0,0
213769,0,0,0,2,52,376,0,2997
2591145,0,0,0,0,0,0,0,1
2419773,0,0,0,5,0,0,0,2
960,0,0,0,1,6,0,0,0
2743470,0,2,0,0,0,0,0,0
83614,0,1,0,0,0,0,0,0
2845126,0,0,0,1,0,0,0,0
2086577,0,0,0,0,0,1,0,0
3039389,0,2,0,1,2,0,0,2
3401630,0,3,0,0,2,0,0,0
180282,4,1,0,1,0,0,2,0
1642,0,0,0,2,0,0,0,0
1195085,0,1,0,0,0,0,0,0
299767,0,18,0,0,3,0,0,0
2996862,0,0,0,1,1,0,0,0
1253,1,0,0,0,0,0,0,0
2420313,0,0,0,0,0,1,0,0
2845399,0,0,0,1,0,198,17,12
1310,0,1,0,0,0,2,0,0
1340,0,1,0,0,0,0,0,0
857417,0,0,0,0,1,0,0,0
1805933,0,1,0,0,0,0,0,0
2219225,0,0,0,0,1,0,0,0
1744,0,36,0,2,80,1,0,4
2845180,0,0,0,21,196,8,0,6426
661191,0,0,0,0,23,0,0,0
2954679,0,1,0,0,0,0,0,0
256821,0,1,0,0,0,0,0,0
1603,0,0,0,0,1,3,0,1
59733,0,6,0,3,9,0,0,0
2845458,0,0,0,184,1,87,110,13820
29494,8,7210,121,1622,4190,1622,1594,1651
373672,0,0,0,1,2,0,0,0
2845439,0,221,0,0,0,0,0,0
361101,0,5,0,1,9,0,2,0
2903704,0,0,0,0,1,0,0,0
2994035,0,1,0,0,0,0,0,0
3157368,0,9,0,0,1,0,0,1
3414503,0,1,0,0,0,0,0,0
3366266,0,9,0,0,7,0,0,2
2845400,0,0,0,24,0,1746,0,4473
2816357,0,0,0,0,0,0,1,4
362457,0,0,0,6,3,1,0,0
407,0,0,0,3,0,0,7,0
3061629,0,0,0,0,0,0,0,1
2083054,0,2,0,0,0,0,0,0
2808963,0,0,0,0,0,0,0,1
28903,0,0,0,1,0,0,0,0
73010,0,6,0,0,0,0,0,0
2004710,0,4,0,1,1,0,2,0
256701,0,1,0,0,0,0,0,0
1583,0,17,0,56,3,24,188,6
517398,0,1,0,0,0,0,0,0
480391,0,0,0,176,0,0,0,118
2864102,0,0,0,0,1,0,0,0
2714937,0,2,0,0,0,0,0,0
56454,0,0,0,0,1,0,0,0
1685,3,2,1,0,33,0,0,0
1276,0,0,0,0,1,0,0,0
379,0,0,0,1,0,0,0,0
310575,0,0,0,0,1,0,0,0
1965312,0,0,0,0,1,0,0,0
55601,4,0,4,0,0,0,0,0
1274,0,9,0,3,17,0,0,0
392416,0,2,0,1,0,0,0,0
294699,0,0,0,0,0,0,0,2
76832,0,1,0,0,0,0,0,0
2845409,0,5,0,0,0,0,0,0
2795738,0,3,1,1,0,0,0,0
446041,0,0,0,6,0,0,0,0
34003,0,1,0,0,0,0,0,0
1917441,0,12,0,0,3,0,0,1
2886510,0,0,0,0,2,0,0,0
68895,0,1,0,0,0,0,0,0
2845186,0,0,0,0,3,122,0,10
2893882,0,2,0,0,1,0,0,0
33010,0,1,0,0,1,0,0,0
447792,0,0,0,0,0,0,1,0
33996,0,0,0,0,40,0,0,0
82976,0,0,0,0,0,0,2,0
69277,0,0,0,0,1,0,0,1
342942,0,0,0,1,0,0,0,0
2845169,0,0,0,7,0,43,0,102
4779,1,0,0,0,0,0,0,0
2569862,58,15,10,8,12,14,13,7
179636,1,0,0,0,3,0,0,0
5855,0,4,0,0,7,3,0,5
2845179,0,0,0,47,100,1740,351,15517
1353,0,2,0,2,1,1,2,0
492670,0,0,0,2,0,0,0,0
3418557,0,1,0,0,0,0,0,0
2350,0,0,0,0,1,0,0,0
1307,0,222,0,0,31,1,98,1
2774776,0,19,0,15,0,83,0,9
2845405,0,1,0,0,1,0,0,0
1357545,0,1,0,0,0,0,0,0
2774845,1,0,0,0,0,0,0,0
396015,0,2,0,0,0,2,0,0
2792224,0,2,0,0,0,0,0,0
2861284,0,1,0,0,0,0,0,0
2745512,0,2,0,1,0,0,0,0
2845160,0,588,0,0,0,0,0,0
1858609,0,11,0,1,0,1,0,0
2845414,0,0,0,24,4,101,0,8120
247,0,1,0,0,0,0,0,1
4911,0,19,0,20146,5179,1157,1426,2
2845475,0,0,0,4,222,0,0,931
3074146,0,4,0,0,0,0,0,0
1318,0,1,0,0,0,0,0,0
3027225,0,0,0,0,1,0,0,0
849,0,5,0,0,1,0,0,0
2701,0,2,0,0,0,0,0,0
2479546,0,0,0,0,1,0,0,0
2845163,0,0,0,0,0,1,0,0
225991,0,3,0,0,1,0,0,0
1513255,0,0,0,1,0,0,0,0
33945,0,0,0,0,1,0,0,0
60520,5,4,0,0,0,0,1,0
11095,0,0,0,0,0,1,0,0
2864040,0,1,0,0,0,0,0,0
2169621,0,0,0,0,4,0,0,1
1783348,0,0,0,2,0,0,0,0
2708053,0,0,0,0,1,0,0,0
2816911,0,0,0,0,1,0,0,0
86183,0,2,0,0,0,0,0,0
37105,0,2,0,0,0,0,0,0
1661,0,426,0,1,67,6,2,6
1258,0,1,0,0,2,0,0,0
1422,0,0,0,0,0,0,0,1
146474,0,1,0,1,82405,1,0,0
106649,0,73,0,1,72,0,0,2
1332264,0,1,0,2,0,0,0,0
1423,0,0,0,0,0,0,1,1
1398,1,1,2,0,0,0,0,0
279,0,0,0,1,0,0,0,0
2597659,0,0,0,1,0,0,0,0
3142938,0,2,0,0,0,0,0,0
863372,0,0,0,0,1,1,0,0
3430339,0,5,0,0,0,0,0,0
1348,0,750,0,1514,701,9,21,2
2845389,0,52636,0,0,0,0,0,0
153151,0,4,0,0,0,0,0,0
280145,0,1,0,1,0,0,0,1
33877,0,1,0,0,0,0,0,0
3060626,0,0,0,0,0,0,1,0
321846,0,2,0,78,0,0,0,0
1177712,0,0,0,0,10,0,0,0
2998079,0,1,0,0,0,0,0,0
28448,0,0,0,0,5,0,0,0
44009,0,1,0,0,0,0,0,0
2809020,0,1,0,0,24,0,0,0
3137182,0,0,0,1,0,0,0,0
31532,0,0,0,0,0,1,0,5
1255,0,0,0,101,383,75,20,15
1312524,0,0,0,1,0,0,0,0
112234,0,16,0,1,2,0,16,0
1624,0,3,0,0,0,0,0,0
1827300,0,3,0,0,0,0,0,0
13160,0,4,0,0,0,0,0,0
51665,0,0,0,14,6,3,3,0
2845474,0,0,0,3,0,1834,0,7034
